filename,split,class,stage
healthy_leaf_170.jpg,train,healthy,Healthy
healthy_leaf_098.jpg,train,healthy,Healthy
healthy_leaf_032.jpg,train,healthy,Healthy
healthy_leaf_013.jpg,train,healthy,Healthy
healthy_leaf_036.jpg,train,healthy,Healthy
healthy_leaf_120.jpg,train,healthy,Healthy
healthy_leaf_043.jpg,train,healthy,Healthy
healthy_leaf_190.jpg,train,healthy,Healthy
healthy_leaf_091.jpg,train,healthy,Healthy
healthy_leaf_137.jpg,train,healthy,Healthy
healthy_leaf_052.jpg,train,healthy,Healthy
healthy_leaf_128.jpg,train,healthy,Healthy
healthy_leaf_163.jpg,train,healthy,Healthy
healthy_leaf_042.jpg,train,healthy,Healthy
healthy_leaf_119.jpg,train,healthy,Healthy
healthy_leaf_114.jpg,train,healthy,Healthy
healthy_leaf_027.jpg,train,healthy,Healthy
healthy_leaf_140.jpg,train,healthy,Healthy
healthy_leaf_101.jpg,train,healthy,Healthy
healthy_leaf_112.jpg,train,healthy,Healthy
healthy_leaf_003.jpg,train,healthy,Healthy
healthy_leaf_078.jpg,train,healthy,Healthy
healthy_leaf_047.jpg,train,healthy,Healthy
healthy_leaf_188.jpg,train,healthy,Healthy
healthy_leaf_192.jpg,train,healthy,Healthy
healthy_leaf_086.jpg,train,healthy,Healthy
healthy_leaf_162.jpg,train,healthy,Healthy
healthy_leaf_037.jpg,train,healthy,Healthy
healthy_leaf_191.jpg,train,healthy,Healthy
healthy_leaf_062.jpg,train,healthy,Healthy
healthy_leaf_023.jpg,train,healthy,Healthy
healthy_leaf_142.jpg,train,healthy,Healthy
healthy_leaf_102.jpg,train,healthy,Healthy
healthy_leaf_034.jpg,train,healthy,Healthy
healthy_leaf_012.jpg,train,healthy,Healthy
healthy_leaf_195.jpg,train,healthy,Healthy
healthy_leaf_160.jpg,train,healthy,Healthy
healthy_leaf_007.jpg,train,healthy,Healthy
healthy_leaf_028.jpg,train,healthy,Healthy
healthy_leaf_121.jpg,train,healthy,Healthy
healthy_leaf_005.jpg,train,healthy,Healthy
healthy_leaf_033.jpg,train,healthy,Healthy
healthy_leaf_143.jpg,train,healthy,Healthy
healthy_leaf_146.jpg,train,healthy,Healthy
healthy_leaf_110.jpg,train,healthy,Healthy
healthy_leaf_145.jpg,train,healthy,Healthy
healthy_leaf_011.jpg,train,healthy,Healthy
healthy_leaf_063.jpg,train,healthy,Healthy
healthy_leaf_113.jpg,train,healthy,Healthy
healthy_leaf_147.jpg,train,healthy,Healthy
healthy_leaf_167.jpg,train,healthy,Healthy
healthy_leaf_001.jpg,train,healthy,Healthy
healthy_leaf_199.jpg,train,healthy,Healthy
healthy_leaf_154.jpg,train,healthy,Healthy
healthy_leaf_071.jpg,train,healthy,Healthy
healthy_leaf_124.jpg,train,healthy,Healthy
healthy_leaf_065.jpg,train,healthy,Healthy
healthy_leaf_045.jpg,train,healthy,Healthy
healthy_leaf_164.jpg,train,healthy,Healthy
healthy_leaf_029.jpg,train,healthy,Healthy
healthy_leaf_041.jpg,train,healthy,Healthy
healthy_leaf_109.jpg,train,healthy,Healthy
healthy_leaf_156.jpg,train,healthy,Healthy
healthy_leaf_157.jpg,train,healthy,Healthy
healthy_leaf_026.jpg,train,healthy,Healthy
healthy_leaf_024.jpg,train,healthy,Healthy
healthy_leaf_185.jpg,train,healthy,Healthy
healthy_leaf_148.jpg,train,healthy,Healthy
healthy_leaf_082.jpg,train,healthy,Healthy
healthy_leaf_040.jpg,train,healthy,Healthy
healthy_leaf_169.jpg,train,healthy,Healthy
healthy_leaf_048.jpg,train,healthy,Healthy
healthy_leaf_095.jpg,train,healthy,Healthy
healthy_leaf_155.jpg,train,healthy,Healthy
healthy_leaf_044.jpg,train,healthy,Healthy
healthy_leaf_139.jpg,train,healthy,Healthy
healthy_leaf_004.jpg,train,healthy,Healthy
healthy_leaf_106.jpg,train,healthy,Healthy
healthy_leaf_054.jpg,train,healthy,Healthy
healthy_leaf_134.jpg,train,healthy,Healthy
healthy_leaf_181.jpg,train,healthy,Healthy
healthy_leaf_179.jpg,train,healthy,Healthy
healthy_leaf_186.jpg,train,healthy,Healthy
healthy_leaf_050.jpg,train,healthy,Healthy
healthy_leaf_081.jpg,train,healthy,Healthy
healthy_leaf_035.jpg,train,healthy,Healthy
healthy_leaf_008.jpg,train,healthy,Healthy
healthy_leaf_111.jpg,train,healthy,Healthy
healthy_leaf_092.jpg,train,healthy,Healthy
healthy_leaf_084.jpg,train,healthy,Healthy
healthy_leaf_177.jpg,train,healthy,Healthy
healthy_leaf_182.jpg,train,healthy,Healthy
healthy_leaf_090.jpg,train,healthy,Healthy
healthy_leaf_009.jpg,train,healthy,Healthy
healthy_leaf_014.jpg,train,healthy,Healthy
healthy_leaf_060.jpg,train,healthy,Healthy
healthy_leaf_172.jpg,train,healthy,Healthy
healthy_leaf_132.jpg,train,healthy,Healthy
healthy_leaf_018.jpg,train,healthy,Healthy
healthy_leaf_073.jpg,train,healthy,Healthy
healthy_leaf_176.jpg,train,healthy,Healthy
healthy_leaf_135.jpg,train,healthy,Healthy
healthy_leaf_168.jpg,train,healthy,Healthy
healthy_leaf_184.jpg,train,healthy,Healthy
healthy_leaf_064.jpg,train,healthy,Healthy
healthy_leaf_055.jpg,train,healthy,Healthy
healthy_leaf_108.jpg,train,healthy,Healthy
healthy_leaf_051.jpg,train,healthy,Healthy
healthy_leaf_197.jpg,train,healthy,Healthy
healthy_leaf_059.jpg,train,healthy,Healthy
healthy_leaf_049.jpg,train,healthy,Healthy
healthy_leaf_089.jpg,train,healthy,Healthy
healthy_leaf_022.jpg,train,healthy,Healthy
healthy_leaf_058.jpg,train,healthy,Healthy
healthy_leaf_161.jpg,train,healthy,Healthy
healthy_leaf_193.jpg,train,healthy,Healthy
healthy_leaf_130.jpg,train,healthy,Healthy
healthy_leaf_038.jpg,train,healthy,Healthy
healthy_leaf_158.jpg,train,healthy,Healthy
healthy_leaf_194.jpg,train,healthy,Healthy
healthy_leaf_002.jpg,train,healthy,Healthy
healthy_leaf_053.jpg,train,healthy,Healthy
healthy_leaf_150.jpg,train,healthy,Healthy
healthy_leaf_131.jpg,train,healthy,Healthy
healthy_leaf_152.jpg,train,healthy,Healthy
healthy_leaf_104.jpg,train,healthy,Healthy
healthy_leaf_100.jpg,train,healthy,Healthy
healthy_leaf_117.jpg,train,healthy,Healthy
healthy_leaf_088.jpg,train,healthy,Healthy
healthy_leaf_075.jpg,train,healthy,Healthy
healthy_leaf_122.jpg,train,healthy,Healthy
healthy_leaf_200.jpg,train,healthy,Healthy
healthy_leaf_021.jpg,train,healthy,Healthy
healthy_leaf_189.jpg,train,healthy,Healthy
healthy_leaf_072.jpg,train,healthy,Healthy
healthy_leaf_107.jpg,train,healthy,Healthy
healthy_leaf_015.jpg,train,healthy,Healthy
healthy_leaf_093.jpg,train,healthy,Healthy
healthy_leaf_180.jpg,train,healthy,Healthy
healthy_leaf_103.jpg,train,healthy,Healthy
leaf_rust_170.jpg,train,leaf_rust,Healthy
leaf_rust_098.jpg,train,leaf_rust,Healthy
leaf_rust_032.jpg,train,leaf_rust,Healthy
leaf_rust_013.jpg,train,leaf_rust,Healthy
leaf_rust_036.jpg,train,leaf_rust,Healthy
leaf_rust_120.jpg,train,leaf_rust,Healthy
leaf_rust_043.jpg,train,leaf_rust,Healthy
leaf_rust_190.jpg,train,leaf_rust,Healthy
leaf_rust_091.jpg,train,leaf_rust,Healthy
leaf_rust_137.jpg,train,leaf_rust,Healthy
leaf_rust_052.jpg,train,leaf_rust,Healthy
leaf_rust_128.jpg,train,leaf_rust,Healthy
leaf_rust_163.jpg,train,leaf_rust,Healthy
leaf_rust_042.jpg,train,leaf_rust,Healthy
leaf_rust_119.jpg,train,leaf_rust,Healthy
leaf_rust_114.jpg,train,leaf_rust,Healthy
leaf_rust_027.jpg,train,leaf_rust,Healthy
leaf_rust_140.jpg,train,leaf_rust,Healthy
leaf_rust_101.jpg,train,leaf_rust,Healthy
leaf_rust_112.jpg,train,leaf_rust,Healthy
leaf_rust_003.jpg,train,leaf_rust,Healthy
leaf_rust_078.jpg,train,leaf_rust,Healthy
leaf_rust_047.jpg,train,leaf_rust,Healthy
leaf_rust_188.jpg,train,leaf_rust,Healthy
leaf_rust_192.jpg,train,leaf_rust,Healthy
leaf_rust_086.jpg,train,leaf_rust,Healthy
leaf_rust_162.jpg,train,leaf_rust,Healthy
leaf_rust_037.jpg,train,leaf_rust,Healthy
leaf_rust_191.jpg,train,leaf_rust,Healthy
leaf_rust_062.jpg,train,leaf_rust,Healthy
leaf_rust_023.jpg,train,leaf_rust,Healthy
leaf_rust_142.jpg,train,leaf_rust,Healthy
leaf_rust_102.jpg,train,leaf_rust,Healthy
leaf_rust_034.jpg,train,leaf_rust,Healthy
leaf_rust_012.jpg,train,leaf_rust,Healthy
leaf_rust_195.jpg,train,leaf_rust,Healthy
leaf_rust_160.jpg,train,leaf_rust,Healthy
leaf_rust_007.jpg,train,leaf_rust,Healthy
leaf_rust_028.jpg,train,leaf_rust,Healthy
leaf_rust_121.jpg,train,leaf_rust,Healthy
leaf_rust_005.jpg,train,leaf_rust,Healthy
leaf_rust_033.jpg,train,leaf_rust,Healthy
leaf_rust_143.jpg,train,leaf_rust,Healthy
leaf_rust_146.jpg,train,leaf_rust,Healthy
leaf_rust_110.jpg,train,leaf_rust,Healthy
leaf_rust_145.jpg,train,leaf_rust,Healthy
leaf_rust_011.jpg,train,leaf_rust,Healthy
leaf_rust_063.jpg,train,leaf_rust,Healthy
leaf_rust_113.jpg,train,leaf_rust,Healthy
leaf_rust_147.jpg,train,leaf_rust,Healthy
leaf_rust_167.jpg,train,leaf_rust,Healthy
leaf_rust_001.jpg,train,leaf_rust,Healthy
leaf_rust_199.jpg,train,leaf_rust,Healthy
leaf_rust_154.jpg,train,leaf_rust,Healthy
leaf_rust_071.jpg,train,leaf_rust,Healthy
leaf_rust_124.jpg,train,leaf_rust,Healthy
leaf_rust_065.jpg,train,leaf_rust,Healthy
leaf_rust_045.jpg,train,leaf_rust,Healthy
leaf_rust_164.jpg,train,leaf_rust,Healthy
leaf_rust_029.jpg,train,leaf_rust,Healthy
leaf_rust_041.jpg,train,leaf_rust,Healthy
leaf_rust_109.jpg,train,leaf_rust,Healthy
leaf_rust_156.jpg,train,leaf_rust,Healthy
leaf_rust_157.jpg,train,leaf_rust,Healthy
leaf_rust_026.jpg,train,leaf_rust,Healthy
leaf_rust_024.jpg,train,leaf_rust,Healthy
leaf_rust_185.jpg,train,leaf_rust,Healthy
leaf_rust_148.jpg,train,leaf_rust,Healthy
leaf_rust_082.jpg,train,leaf_rust,Healthy
leaf_rust_040.jpg,train,leaf_rust,Healthy
leaf_rust_169.jpg,train,leaf_rust,Healthy
leaf_rust_048.jpg,train,leaf_rust,Healthy
leaf_rust_095.jpg,train,leaf_rust,Healthy
leaf_rust_155.jpg,train,leaf_rust,Healthy
leaf_rust_044.jpg,train,leaf_rust,Healthy
leaf_rust_139.jpg,train,leaf_rust,Healthy
leaf_rust_004.jpg,train,leaf_rust,Healthy
leaf_rust_106.jpg,train,leaf_rust,Healthy
leaf_rust_054.jpg,train,leaf_rust,Healthy
leaf_rust_134.jpg,train,leaf_rust,Healthy
leaf_rust_181.jpg,train,leaf_rust,Healthy
leaf_rust_179.jpg,train,leaf_rust,Healthy
leaf_rust_186.jpg,train,leaf_rust,Healthy
leaf_rust_050.jpg,train,leaf_rust,Healthy
leaf_rust_081.jpg,train,leaf_rust,Healthy
leaf_rust_035.jpg,train,leaf_rust,Healthy
leaf_rust_008.jpg,train,leaf_rust,Healthy
leaf_rust_111.jpg,train,leaf_rust,Healthy
leaf_rust_092.jpg,train,leaf_rust,Healthy
leaf_rust_084.jpg,train,leaf_rust,Healthy
leaf_rust_177.jpg,train,leaf_rust,Healthy
leaf_rust_182.jpg,train,leaf_rust,Healthy
leaf_rust_090.jpg,train,leaf_rust,Healthy
leaf_rust_009.jpg,train,leaf_rust,Healthy
leaf_rust_014.jpg,train,leaf_rust,Healthy
leaf_rust_060.jpg,train,leaf_rust,Healthy
leaf_rust_172.jpg,train,leaf_rust,Healthy
leaf_rust_132.jpg,train,leaf_rust,Healthy
leaf_rust_018.jpg,train,leaf_rust,Healthy
leaf_rust_073.jpg,train,leaf_rust,Healthy
leaf_rust_176.jpg,train,leaf_rust,Healthy
leaf_rust_135.jpg,train,leaf_rust,Healthy
leaf_rust_168.jpg,train,leaf_rust,Healthy
leaf_rust_184.jpg,train,leaf_rust,Healthy
leaf_rust_064.jpg,train,leaf_rust,Healthy
leaf_rust_055.jpg,train,leaf_rust,Healthy
leaf_rust_108.jpg,train,leaf_rust,Healthy
leaf_rust_051.jpg,train,leaf_rust,Healthy
leaf_rust_197.jpg,train,leaf_rust,Healthy
leaf_rust_059.jpg,train,leaf_rust,Healthy
leaf_rust_049.jpg,train,leaf_rust,Healthy
leaf_rust_089.jpg,train,leaf_rust,Healthy
leaf_rust_022.jpg,train,leaf_rust,Healthy
leaf_rust_058.jpg,train,leaf_rust,Healthy
leaf_rust_161.jpg,train,leaf_rust,Healthy
leaf_rust_193.jpg,train,leaf_rust,Healthy
leaf_rust_130.jpg,train,leaf_rust,Healthy
leaf_rust_038.jpg,train,leaf_rust,Healthy
leaf_rust_158.jpg,train,leaf_rust,Healthy
leaf_rust_194.jpg,train,leaf_rust,Healthy
leaf_rust_002.jpg,train,leaf_rust,Healthy
leaf_rust_053.jpg,train,leaf_rust,Healthy
leaf_rust_150.jpg,train,leaf_rust,Healthy
leaf_rust_131.jpg,train,leaf_rust,Healthy
leaf_rust_152.jpg,train,leaf_rust,Healthy
leaf_rust_104.jpg,train,leaf_rust,Healthy
leaf_rust_100.jpg,train,leaf_rust,Healthy
leaf_rust_117.jpg,train,leaf_rust,Healthy
leaf_rust_088.jpg,train,leaf_rust,Healthy
leaf_rust_075.jpg,train,leaf_rust,Healthy
leaf_rust_122.jpg,train,leaf_rust,Healthy
leaf_rust_200.jpg,train,leaf_rust,Healthy
leaf_rust_021.jpg,train,leaf_rust,Healthy
leaf_rust_189.jpg,train,leaf_rust,Healthy
leaf_rust_072.jpg,train,leaf_rust,Healthy
leaf_rust_107.jpg,train,leaf_rust,Healthy
leaf_rust_015.jpg,train,leaf_rust,Healthy
leaf_rust_093.jpg,train,leaf_rust,Healthy
leaf_rust_180.jpg,train,leaf_rust,Healthy
leaf_rust_103.jpg,train,leaf_rust,Healthy
leaf_spot_170.jpg,train,leaf_spot,Healthy
leaf_spot_098.jpg,train,leaf_spot,Healthy
leaf_spot_032.jpg,train,leaf_spot,Healthy
leaf_spot_013.jpg,train,leaf_spot,Healthy
leaf_spot_036.jpg,train,leaf_spot,Healthy
leaf_spot_120.jpg,train,leaf_spot,Healthy
leaf_spot_043.jpg,train,leaf_spot,Healthy
leaf_spot_190.jpg,train,leaf_spot,Healthy
leaf_spot_091.jpg,train,leaf_spot,Healthy
leaf_spot_137.jpg,train,leaf_spot,Healthy
leaf_spot_052.jpg,train,leaf_spot,Healthy
leaf_spot_128.jpg,train,leaf_spot,Healthy
leaf_spot_163.jpg,train,leaf_spot,Healthy
leaf_spot_042.jpg,train,leaf_spot,Healthy
leaf_spot_119.jpg,train,leaf_spot,Healthy
leaf_spot_114.jpg,train,leaf_spot,Healthy
leaf_spot_027.jpg,train,leaf_spot,Healthy
leaf_spot_140.jpg,train,leaf_spot,Healthy
leaf_spot_101.jpg,train,leaf_spot,Healthy
leaf_spot_112.jpg,train,leaf_spot,Healthy
leaf_spot_003.jpg,train,leaf_spot,Healthy
leaf_spot_078.jpg,train,leaf_spot,Healthy
leaf_spot_047.jpg,train,leaf_spot,Healthy
leaf_spot_188.jpg,train,leaf_spot,Healthy
leaf_spot_192.jpg,train,leaf_spot,Healthy
leaf_spot_086.jpg,train,leaf_spot,Healthy
leaf_spot_162.jpg,train,leaf_spot,Healthy
leaf_spot_037.jpg,train,leaf_spot,Healthy
leaf_spot_191.jpg,train,leaf_spot,Healthy
leaf_spot_062.jpg,train,leaf_spot,Healthy
leaf_spot_023.jpg,train,leaf_spot,Healthy
leaf_spot_142.jpg,train,leaf_spot,Healthy
leaf_spot_102.jpg,train,leaf_spot,Healthy
leaf_spot_034.jpg,train,leaf_spot,Healthy
leaf_spot_012.jpg,train,leaf_spot,Healthy
leaf_spot_195.jpg,train,leaf_spot,Healthy
leaf_spot_160.jpg,train,leaf_spot,Healthy
leaf_spot_007.jpg,train,leaf_spot,Healthy
leaf_spot_028.jpg,train,leaf_spot,Healthy
leaf_spot_121.jpg,train,leaf_spot,Healthy
leaf_spot_005.jpg,train,leaf_spot,Healthy
leaf_spot_033.jpg,train,leaf_spot,Healthy
leaf_spot_143.jpg,train,leaf_spot,Healthy
leaf_spot_146.jpg,train,leaf_spot,Healthy
leaf_spot_110.jpg,train,leaf_spot,Healthy
leaf_spot_145.jpg,train,leaf_spot,Healthy
leaf_spot_011.jpg,train,leaf_spot,Healthy
leaf_spot_063.jpg,train,leaf_spot,Healthy
leaf_spot_113.jpg,train,leaf_spot,Healthy
leaf_spot_147.jpg,train,leaf_spot,Healthy
leaf_spot_167.jpg,train,leaf_spot,Healthy
leaf_spot_001.jpg,train,leaf_spot,Healthy
leaf_spot_199.jpg,train,leaf_spot,Healthy
leaf_spot_154.jpg,train,leaf_spot,Healthy
leaf_spot_071.jpg,train,leaf_spot,Healthy
leaf_spot_124.jpg,train,leaf_spot,Healthy
leaf_spot_065.jpg,train,leaf_spot,Healthy
leaf_spot_045.jpg,train,leaf_spot,Healthy
leaf_spot_164.jpg,train,leaf_spot,Healthy
leaf_spot_029.jpg,train,leaf_spot,Healthy
leaf_spot_041.jpg,train,leaf_spot,Healthy
leaf_spot_109.jpg,train,leaf_spot,Healthy
leaf_spot_156.jpg,train,leaf_spot,Healthy
leaf_spot_157.jpg,train,leaf_spot,Healthy
leaf_spot_026.jpg,train,leaf_spot,Healthy
leaf_spot_024.jpg,train,leaf_spot,Healthy
leaf_spot_185.jpg,train,leaf_spot,Healthy
leaf_spot_148.jpg,train,leaf_spot,Healthy
leaf_spot_082.jpg,train,leaf_spot,Healthy
leaf_spot_040.jpg,train,leaf_spot,Healthy
leaf_spot_169.jpg,train,leaf_spot,Healthy
leaf_spot_048.jpg,train,leaf_spot,Healthy
leaf_spot_095.jpg,train,leaf_spot,Healthy
leaf_spot_155.jpg,train,leaf_spot,Healthy
leaf_spot_044.jpg,train,leaf_spot,Healthy
leaf_spot_139.jpg,train,leaf_spot,Healthy
leaf_spot_004.jpg,train,leaf_spot,Healthy
leaf_spot_106.jpg,train,leaf_spot,Healthy
leaf_spot_054.jpg,train,leaf_spot,Healthy
leaf_spot_134.jpg,train,leaf_spot,Healthy
leaf_spot_181.jpg,train,leaf_spot,Healthy
leaf_spot_179.jpg,train,leaf_spot,Healthy
leaf_spot_186.jpg,train,leaf_spot,Healthy
leaf_spot_050.jpg,train,leaf_spot,Healthy
leaf_spot_081.jpg,train,leaf_spot,Healthy
leaf_spot_035.jpg,train,leaf_spot,Healthy
leaf_spot_008.jpg,train,leaf_spot,Healthy
leaf_spot_111.jpg,train,leaf_spot,Healthy
leaf_spot_092.jpg,train,leaf_spot,Healthy
leaf_spot_084.jpg,train,leaf_spot,Healthy
leaf_spot_177.jpg,train,leaf_spot,Healthy
leaf_spot_182.jpg,train,leaf_spot,Healthy
leaf_spot_090.jpg,train,leaf_spot,Healthy
leaf_spot_009.jpg,train,leaf_spot,Healthy
leaf_spot_014.jpg,train,leaf_spot,Healthy
leaf_spot_060.jpg,train,leaf_spot,Healthy
leaf_spot_172.jpg,train,leaf_spot,Healthy
leaf_spot_132.jpg,train,leaf_spot,Healthy
leaf_spot_018.jpg,train,leaf_spot,Healthy
leaf_spot_073.jpg,train,leaf_spot,Healthy
leaf_spot_176.jpg,train,leaf_spot,Healthy
leaf_spot_135.jpg,train,leaf_spot,Healthy
leaf_spot_168.jpg,train,leaf_spot,Healthy
leaf_spot_184.jpg,train,leaf_spot,Healthy
leaf_spot_064.jpg,train,leaf_spot,Healthy
leaf_spot_055.jpg,train,leaf_spot,Healthy
leaf_spot_108.jpg,train,leaf_spot,Healthy
leaf_spot_051.jpg,train,leaf_spot,Healthy
leaf_spot_197.jpg,train,leaf_spot,Healthy
leaf_spot_059.jpg,train,leaf_spot,Healthy
leaf_spot_049.jpg,train,leaf_spot,Healthy
leaf_spot_089.jpg,train,leaf_spot,Healthy
leaf_spot_022.jpg,train,leaf_spot,Healthy
leaf_spot_058.jpg,train,leaf_spot,Healthy
leaf_spot_161.jpg,train,leaf_spot,Healthy
leaf_spot_193.jpg,train,leaf_spot,Healthy
leaf_spot_130.jpg,train,leaf_spot,Healthy
leaf_spot_038.jpg,train,leaf_spot,Healthy
leaf_spot_158.jpg,train,leaf_spot,Healthy
leaf_spot_194.jpg,train,leaf_spot,Healthy
leaf_spot_002.jpg,train,leaf_spot,Healthy
leaf_spot_053.jpg,train,leaf_spot,Healthy
leaf_spot_150.jpg,train,leaf_spot,Healthy
leaf_spot_131.jpg,train,leaf_spot,Healthy
leaf_spot_152.jpg,train,leaf_spot,Healthy
leaf_spot_104.jpg,train,leaf_spot,Healthy
leaf_spot_100.jpg,train,leaf_spot,Healthy
leaf_spot_117.jpg,train,leaf_spot,Healthy
leaf_spot_088.jpg,train,leaf_spot,Healthy
leaf_spot_075.jpg,train,leaf_spot,Healthy
leaf_spot_122.jpg,train,leaf_spot,Healthy
leaf_spot_200.jpg,train,leaf_spot,Healthy
leaf_spot_021.jpg,train,leaf_spot,Healthy
leaf_spot_189.jpg,train,leaf_spot,Healthy
leaf_spot_072.jpg,train,leaf_spot,Healthy
leaf_spot_107.jpg,train,leaf_spot,Healthy
leaf_spot_015.jpg,train,leaf_spot,Healthy
leaf_spot_093.jpg,train,leaf_spot,Healthy
leaf_spot_180.jpg,train,leaf_spot,Healthy
leaf_spot_103.jpg,train,leaf_spot,Healthy
brown_spot_170.jpg,train,brown_spot,Healthy
brown_spot_098.jpg,train,brown_spot,Healthy
brown_spot_032.jpg,train,brown_spot,Healthy
brown_spot_013.jpg,train,brown_spot,Healthy
brown_spot_036.jpg,train,brown_spot,Healthy
brown_spot_120.jpg,train,brown_spot,Healthy
brown_spot_043.jpg,train,brown_spot,Healthy
brown_spot_190.jpg,train,brown_spot,Healthy
brown_spot_091.jpg,train,brown_spot,Healthy
brown_spot_137.jpg,train,brown_spot,Healthy
brown_spot_052.jpg,train,brown_spot,Healthy
brown_spot_128.jpg,train,brown_spot,Healthy
brown_spot_163.jpg,train,brown_spot,Healthy
brown_spot_042.jpg,train,brown_spot,Healthy
brown_spot_119.jpg,train,brown_spot,Healthy
brown_spot_114.jpg,train,brown_spot,Healthy
brown_spot_027.jpg,train,brown_spot,Healthy
brown_spot_140.jpg,train,brown_spot,Healthy
brown_spot_101.jpg,train,brown_spot,Healthy
brown_spot_112.jpg,train,brown_spot,Healthy
brown_spot_003.jpg,train,brown_spot,Healthy
brown_spot_078.jpg,train,brown_spot,Healthy
brown_spot_047.jpg,train,brown_spot,Healthy
brown_spot_188.jpg,train,brown_spot,Healthy
brown_spot_192.jpg,train,brown_spot,Healthy
brown_spot_086.jpg,train,brown_spot,Healthy
brown_spot_162.jpg,train,brown_spot,Healthy
brown_spot_037.jpg,train,brown_spot,Healthy
brown_spot_191.jpg,train,brown_spot,Healthy
brown_spot_062.jpg,train,brown_spot,Healthy
brown_spot_023.jpg,train,brown_spot,Healthy
brown_spot_142.jpg,train,brown_spot,Healthy
brown_spot_102.jpg,train,brown_spot,Healthy
brown_spot_034.jpg,train,brown_spot,Healthy
brown_spot_012.jpg,train,brown_spot,Healthy
brown_spot_195.jpg,train,brown_spot,Healthy
brown_spot_160.jpg,train,brown_spot,Healthy
brown_spot_007.jpg,train,brown_spot,Healthy
brown_spot_028.jpg,train,brown_spot,Healthy
brown_spot_121.jpg,train,brown_spot,Healthy
brown_spot_005.jpg,train,brown_spot,Healthy
brown_spot_033.jpg,train,brown_spot,Healthy
brown_spot_143.jpg,train,brown_spot,Healthy
brown_spot_146.jpg,train,brown_spot,Healthy
brown_spot_110.jpg,train,brown_spot,Healthy
brown_spot_145.jpg,train,brown_spot,Healthy
brown_spot_011.jpg,train,brown_spot,Healthy
brown_spot_063.jpg,train,brown_spot,Healthy
brown_spot_113.jpg,train,brown_spot,Healthy
brown_spot_147.jpg,train,brown_spot,Healthy
brown_spot_167.jpg,train,brown_spot,Healthy
brown_spot_001.jpg,train,brown_spot,Healthy
brown_spot_199.jpg,train,brown_spot,Healthy
brown_spot_154.jpg,train,brown_spot,Healthy
brown_spot_071.jpg,train,brown_spot,Healthy
brown_spot_124.jpg,train,brown_spot,Healthy
brown_spot_065.jpg,train,brown_spot,Healthy
brown_spot_045.jpg,train,brown_spot,Healthy
brown_spot_164.jpg,train,brown_spot,Healthy
brown_spot_029.jpg,train,brown_spot,Healthy
brown_spot_041.jpg,train,brown_spot,Healthy
brown_spot_109.jpg,train,brown_spot,Healthy
brown_spot_156.jpg,train,brown_spot,Healthy
brown_spot_157.jpg,train,brown_spot,Healthy
brown_spot_026.jpg,train,brown_spot,Healthy
brown_spot_024.jpg,train,brown_spot,Healthy
brown_spot_185.jpg,train,brown_spot,Healthy
brown_spot_148.jpg,train,brown_spot,Healthy
brown_spot_082.jpg,train,brown_spot,Healthy
brown_spot_040.jpg,train,brown_spot,Healthy
brown_spot_169.jpg,train,brown_spot,Healthy
brown_spot_048.jpg,train,brown_spot,Healthy
brown_spot_095.jpg,train,brown_spot,Healthy
brown_spot_155.jpg,train,brown_spot,Healthy
brown_spot_044.jpg,train,brown_spot,Healthy
brown_spot_139.jpg,train,brown_spot,Healthy
brown_spot_004.jpg,train,brown_spot,Healthy
brown_spot_106.jpg,train,brown_spot,Healthy
brown_spot_054.jpg,train,brown_spot,Healthy
brown_spot_134.jpg,train,brown_spot,Healthy
brown_spot_181.jpg,train,brown_spot,Healthy
brown_spot_179.jpg,train,brown_spot,Healthy
brown_spot_186.jpg,train,brown_spot,Healthy
brown_spot_050.jpg,train,brown_spot,Healthy
brown_spot_081.jpg,train,brown_spot,Healthy
brown_spot_035.jpg,train,brown_spot,Healthy
brown_spot_008.jpg,train,brown_spot,Healthy
brown_spot_111.jpg,train,brown_spot,Healthy
brown_spot_092.jpg,train,brown_spot,Healthy
brown_spot_084.jpg,train,brown_spot,Healthy
brown_spot_177.jpg,train,brown_spot,Healthy
brown_spot_182.jpg,train,brown_spot,Healthy
brown_spot_090.jpg,train,brown_spot,Healthy
brown_spot_009.jpg,train,brown_spot,Healthy
brown_spot_014.jpg,train,brown_spot,Healthy
brown_spot_060.jpg,train,brown_spot,Healthy
brown_spot_172.jpg,train,brown_spot,Healthy
brown_spot_132.jpg,train,brown_spot,Healthy
brown_spot_018.jpg,train,brown_spot,Healthy
brown_spot_073.jpg,train,brown_spot,Healthy
brown_spot_176.jpg,train,brown_spot,Healthy
brown_spot_135.jpg,train,brown_spot,Healthy
brown_spot_168.jpg,train,brown_spot,Healthy
brown_spot_184.jpg,train,brown_spot,Healthy
brown_spot_064.jpg,train,brown_spot,Healthy
brown_spot_055.jpg,train,brown_spot,Healthy
brown_spot_108.jpg,train,brown_spot,Healthy
brown_spot_051.jpg,train,brown_spot,Healthy
brown_spot_197.jpg,train,brown_spot,Healthy
brown_spot_059.jpg,train,brown_spot,Healthy
brown_spot_049.jpg,train,brown_spot,Healthy
brown_spot_089.jpg,train,brown_spot,Healthy
brown_spot_022.jpg,train,brown_spot,Healthy
brown_spot_058.jpg,train,brown_spot,Healthy
brown_spot_161.jpg,train,brown_spot,Healthy
brown_spot_193.jpg,train,brown_spot,Healthy
brown_spot_130.jpg,train,brown_spot,Healthy
brown_spot_038.jpg,train,brown_spot,Healthy
brown_spot_158.jpg,train,brown_spot,Healthy
brown_spot_194.jpg,train,brown_spot,Healthy
brown_spot_002.jpg,train,brown_spot,Healthy
brown_spot_053.jpg,train,brown_spot,Healthy
brown_spot_150.jpg,train,brown_spot,Healthy
brown_spot_131.jpg,train,brown_spot,Healthy
brown_spot_152.jpg,train,brown_spot,Healthy
brown_spot_104.jpg,train,brown_spot,Healthy
brown_spot_100.jpg,train,brown_spot,Healthy
brown_spot_117.jpg,train,brown_spot,Healthy
brown_spot_088.jpg,train,brown_spot,Healthy
brown_spot_075.jpg,train,brown_spot,Healthy
brown_spot_122.jpg,train,brown_spot,Healthy
brown_spot_200.jpg,train,brown_spot,Healthy
brown_spot_021.jpg,train,brown_spot,Healthy
brown_spot_189.jpg,train,brown_spot,Healthy
brown_spot_072.jpg,train,brown_spot,Healthy
brown_spot_107.jpg,train,brown_spot,Healthy
brown_spot_015.jpg,train,brown_spot,Healthy
brown_spot_093.jpg,train,brown_spot,Healthy
brown_spot_180.jpg,train,brown_spot,Healthy
brown_spot_103.jpg,train,brown_spot,Healthy
sooty_mold_170.jpg,train,sooty_mold,Healthy
sooty_mold_098.jpg,train,sooty_mold,Healthy
sooty_mold_032.jpg,train,sooty_mold,Healthy
sooty_mold_013.jpg,train,sooty_mold,Healthy
sooty_mold_036.jpg,train,sooty_mold,Healthy
sooty_mold_120.jpg,train,sooty_mold,Healthy
sooty_mold_043.jpg,train,sooty_mold,Healthy
sooty_mold_190.jpg,train,sooty_mold,Healthy
sooty_mold_091.jpg,train,sooty_mold,Healthy
sooty_mold_137.jpg,train,sooty_mold,Healthy
sooty_mold_052.jpg,train,sooty_mold,Healthy
sooty_mold_128.jpg,train,sooty_mold,Healthy
sooty_mold_163.jpg,train,sooty_mold,Healthy
sooty_mold_042.jpg,train,sooty_mold,Healthy
sooty_mold_119.jpg,train,sooty_mold,Healthy
sooty_mold_114.jpg,train,sooty_mold,Healthy
sooty_mold_027.jpg,train,sooty_mold,Healthy
sooty_mold_140.jpg,train,sooty_mold,Healthy
sooty_mold_101.jpg,train,sooty_mold,Healthy
sooty_mold_112.jpg,train,sooty_mold,Healthy
sooty_mold_003.jpeg,train,sooty_mold,Healthy
sooty_mold_078.jpg,train,sooty_mold,Healthy
sooty_mold_047.jpg,train,sooty_mold,Healthy
sooty_mold_188.jpg,train,sooty_mold,Healthy
sooty_mold_192.jpg,train,sooty_mold,Healthy
sooty_mold_086.jpg,train,sooty_mold,Healthy
sooty_mold_162.jpg,train,sooty_mold,Healthy
sooty_mold_037.jpg,train,sooty_mold,Healthy
sooty_mold_191.jpg,train,sooty_mold,Healthy
sooty_mold_062.jpg,train,sooty_mold,Healthy
sooty_mold_023.jpg,train,sooty_mold,Healthy
sooty_mold_142.jpg,train,sooty_mold,Healthy
sooty_mold_102.jpg,train,sooty_mold,Healthy
sooty_mold_034.jpg,train,sooty_mold,Healthy
sooty_mold_012.jpg,train,sooty_mold,Healthy
sooty_mold_195.jpg,train,sooty_mold,Healthy
sooty_mold_160.jpg,train,sooty_mold,Healthy
sooty_mold_007.jpg,train,sooty_mold,Healthy
sooty_mold_028.jpg,train,sooty_mold,Healthy
sooty_mold_121.jpg,train,sooty_mold,Healthy
sooty_mold_005.jpeg,train,sooty_mold,Healthy
sooty_mold_033.jpg,train,sooty_mold,Healthy
sooty_mold_143.jpg,train,sooty_mold,Healthy
sooty_mold_146.jpg,train,sooty_mold,Healthy
sooty_mold_110.jpg,train,sooty_mold,Healthy
sooty_mold_145.jpg,train,sooty_mold,Healthy
sooty_mold_011.jpg,train,sooty_mold,Healthy
sooty_mold_063.jpg,train,sooty_mold,Healthy
sooty_mold_113.jpg,train,sooty_mold,Healthy
sooty_mold_147.jpg,train,sooty_mold,Healthy
sooty_mold_167.jpg,train,sooty_mold,Healthy
sooty_mold_001.jpeg,train,sooty_mold,Healthy
sooty_mold_199.jpg,train,sooty_mold,Healthy
sooty_mold_154.jpg,train,sooty_mold,Healthy
sooty_mold_071.jpg,train,sooty_mold,Healthy
sooty_mold_124.jpg,train,sooty_mold,Healthy
sooty_mold_065.jpg,train,sooty_mold,Healthy
sooty_mold_045.jpg,train,sooty_mold,Healthy
sooty_mold_164.jpg,train,sooty_mold,Healthy
sooty_mold_029.jpg,train,sooty_mold,Healthy
sooty_mold_041.jpg,train,sooty_mold,Healthy
sooty_mold_109.jpg,train,sooty_mold,Healthy
sooty_mold_156.jpg,train,sooty_mold,Healthy
sooty_mold_157.jpg,train,sooty_mold,Healthy
sooty_mold_026.jpg,train,sooty_mold,Healthy
sooty_mold_024.jpg,train,sooty_mold,Healthy
sooty_mold_185.jpg,train,sooty_mold,Healthy
sooty_mold_148.jpg,train,sooty_mold,Healthy
sooty_mold_082.jpg,train,sooty_mold,Healthy
sooty_mold_040.jpg,train,sooty_mold,Healthy
sooty_mold_169.jpg,train,sooty_mold,Healthy
sooty_mold_048.jpg,train,sooty_mold,Healthy
sooty_mold_095.jpg,train,sooty_mold,Healthy
sooty_mold_155.jpg,train,sooty_mold,Healthy
sooty_mold_044.jpg,train,sooty_mold,Healthy
sooty_mold_139.jpg,train,sooty_mold,Healthy
sooty_mold_004.jpeg,train,sooty_mold,Healthy
sooty_mold_106.jpg,train,sooty_mold,Healthy
sooty_mold_054.jpg,train,sooty_mold,Healthy
sooty_mold_134.jpg,train,sooty_mold,Healthy
sooty_mold_181.jpg,train,sooty_mold,Healthy
sooty_mold_179.jpg,train,sooty_mold,Healthy
sooty_mold_186.jpg,train,sooty_mold,Healthy
sooty_mold_050.jpg,train,sooty_mold,Healthy
sooty_mold_081.jpg,train,sooty_mold,Healthy
sooty_mold_035.jpg,train,sooty_mold,Healthy
sooty_mold_008.jpeg,train,sooty_mold,Healthy
sooty_mold_111.jpg,train,sooty_mold,Healthy
sooty_mold_092.jpg,train,sooty_mold,Healthy
sooty_mold_084.jpg,train,sooty_mold,Healthy
sooty_mold_177.jpg,train,sooty_mold,Healthy
sooty_mold_182.jpg,train,sooty_mold,Healthy
sooty_mold_090.jpg,train,sooty_mold,Healthy
sooty_mold_009.jpeg,train,sooty_mold,Healthy
sooty_mold_014.jpg,train,sooty_mold,Healthy
sooty_mold_060.jpg,train,sooty_mold,Healthy
sooty_mold_172.jpg,train,sooty_mold,Healthy
sooty_mold_132.jpg,train,sooty_mold,Healthy
sooty_mold_018.jpg,train,sooty_mold,Healthy
sooty_mold_073.jpg,train,sooty_mold,Healthy
sooty_mold_176.jpg,train,sooty_mold,Healthy
sooty_mold_135.jpg,train,sooty_mold,Healthy
sooty_mold_168.jpg,train,sooty_mold,Healthy
sooty_mold_184.jpg,train,sooty_mold,Healthy
sooty_mold_064.jpg,train,sooty_mold,Healthy
sooty_mold_055.jpg,train,sooty_mold,Healthy
sooty_mold_108.jpg,train,sooty_mold,Healthy
sooty_mold_051.jpg,train,sooty_mold,Healthy
sooty_mold_197.jpg,train,sooty_mold,Healthy
sooty_mold_059.jpg,train,sooty_mold,Healthy
sooty_mold_049.jpg,train,sooty_mold,Healthy
sooty_mold_089.jpg,train,sooty_mold,Healthy
sooty_mold_022.jpg,train,sooty_mold,Healthy
sooty_mold_058.jpg,train,sooty_mold,Healthy
sooty_mold_161.jpg,train,sooty_mold,Healthy
sooty_mold_193.jpg,train,sooty_mold,Healthy
sooty_mold_130.jpg,train,sooty_mold,Healthy
sooty_mold_038.jpg,train,sooty_mold,Healthy
sooty_mold_158.jpg,train,sooty_mold,Healthy
sooty_mold_194.jpg,train,sooty_mold,Healthy
sooty_mold_002.jpeg,train,sooty_mold,Healthy
sooty_mold_053.jpg,train,sooty_mold,Healthy
sooty_mold_150.jpg,train,sooty_mold,Healthy
sooty_mold_131.jpg,train,sooty_mold,Healthy
sooty_mold_152.jpg,train,sooty_mold,Healthy
sooty_mold_104.jpg,train,sooty_mold,Healthy
sooty_mold_100.jpg,train,sooty_mold,Healthy
sooty_mold_117.jpg,train,sooty_mold,Healthy
sooty_mold_088.jpg,train,sooty_mold,Healthy
sooty_mold_075.jpg,train,sooty_mold,Healthy
sooty_mold_122.jpg,train,sooty_mold,Healthy
sooty_mold_200.jpg,train,sooty_mold,Healthy
sooty_mold_021.jpg,train,sooty_mold,Healthy
sooty_mold_189.jpg,train,sooty_mold,Healthy
sooty_mold_072.jpg,train,sooty_mold,Healthy
sooty_mold_107.jpg,train,sooty_mold,Healthy
sooty_mold_015.jpg,train,sooty_mold,Healthy
sooty_mold_093.jpg,train,sooty_mold,Healthy
sooty_mold_180.jpg,train,sooty_mold,Healthy
sooty_mold_103.jpg,train,sooty_mold,Healthy
healthy_leaf_085.jpg,validation,healthy,Healthy
healthy_leaf_057.jpg,validation,healthy,Healthy
healthy_leaf_066.jpg,validation,healthy,Healthy
healthy_leaf_074.jpg,validation,healthy,Healthy
healthy_leaf_183.jpg,validation,healthy,Healthy
healthy_leaf_056.jpg,validation,healthy,Healthy
healthy_leaf_127.jpg,validation,healthy,Healthy
healthy_leaf_198.jpg,validation,healthy,Healthy
healthy_leaf_138.jpg,validation,healthy,Healthy
healthy_leaf_133.jpg,validation,healthy,Healthy
healthy_leaf_123.jpg,validation,healthy,Healthy
healthy_leaf_016.jpg,validation,healthy,Healthy
healthy_leaf_017.jpg,validation,healthy,Healthy
healthy_leaf_031.jpg,validation,healthy,Healthy
healthy_leaf_020.jpg,validation,healthy,Healthy
healthy_leaf_077.jpg,validation,healthy,Healthy
healthy_leaf_105.jpg,validation,healthy,Healthy
healthy_leaf_094.jpg,validation,healthy,Healthy
healthy_leaf_087.jpg,validation,healthy,Healthy
healthy_leaf_067.jpg,validation,healthy,Healthy
healthy_leaf_149.jpg,validation,healthy,Healthy
healthy_leaf_083.jpg,validation,healthy,Healthy
healthy_leaf_097.jpg,validation,healthy,Healthy
healthy_leaf_125.jpg,validation,healthy,Healthy
healthy_leaf_171.jpg,validation,healthy,Healthy
healthy_leaf_039.jpg,validation,healthy,Healthy
healthy_leaf_187.jpg,validation,healthy,Healthy
healthy_leaf_126.jpg,validation,healthy,Healthy
healthy_leaf_174.jpg,validation,healthy,Healthy
healthy_leaf_165.jpg,validation,healthy,Healthy
leaf_rust_085.jpg,validation,leaf_rust,Healthy
leaf_rust_057.jpg,validation,leaf_rust,Healthy
leaf_rust_066.jpg,validation,leaf_rust,Healthy
leaf_rust_074.jpg,validation,leaf_rust,Healthy
leaf_rust_183.jpg,validation,leaf_rust,Healthy
leaf_rust_056.jpg,validation,leaf_rust,Healthy
leaf_rust_127.jpg,validation,leaf_rust,Healthy
leaf_rust_198.jpg,validation,leaf_rust,Healthy
leaf_rust_138.jpg,validation,leaf_rust,Healthy
leaf_rust_133.jpg,validation,leaf_rust,Healthy
leaf_rust_123.jpg,validation,leaf_rust,Healthy
leaf_rust_016.jpg,validation,leaf_rust,Healthy
leaf_rust_017.jpg,validation,leaf_rust,Healthy
leaf_rust_031.jpg,validation,leaf_rust,Healthy
leaf_rust_020.jpg,validation,leaf_rust,Healthy
leaf_rust_077.jpg,validation,leaf_rust,Healthy
leaf_rust_105.jpg,validation,leaf_rust,Healthy
leaf_rust_094.jpg,validation,leaf_rust,Healthy
leaf_rust_087.jpg,validation,leaf_rust,Healthy
leaf_rust_067.jpg,validation,leaf_rust,Healthy
leaf_rust_149.jpg,validation,leaf_rust,Healthy
leaf_rust_083.jpg,validation,leaf_rust,Healthy
leaf_rust_097.jpg,validation,leaf_rust,Healthy
leaf_rust_125.jpg,validation,leaf_rust,Healthy
leaf_rust_171.jpg,validation,leaf_rust,Healthy
leaf_rust_039.jpg,validation,leaf_rust,Healthy
leaf_rust_187.jpg,validation,leaf_rust,Healthy
leaf_rust_126.jpg,validation,leaf_rust,Healthy
leaf_rust_174.jpg,validation,leaf_rust,Healthy
leaf_rust_165.jpg,validation,leaf_rust,Healthy
leaf_spot_085.jpg,validation,leaf_spot,Healthy
leaf_spot_057.jpg,validation,leaf_spot,Healthy
leaf_spot_066.jpg,validation,leaf_spot,Healthy
leaf_spot_074.jpg,validation,leaf_spot,Healthy
leaf_spot_183.jpg,validation,leaf_spot,Healthy
leaf_spot_056.jpg,validation,leaf_spot,Healthy
leaf_spot_127.jpg,validation,leaf_spot,Healthy
leaf_spot_198.jpg,validation,leaf_spot,Healthy
leaf_spot_138.jpg,validation,leaf_spot,Healthy
leaf_spot_133.jpg,validation,leaf_spot,Healthy
leaf_spot_123.jpg,validation,leaf_spot,Healthy
leaf_spot_016.jpg,validation,leaf_spot,Healthy
leaf_spot_017.jpg,validation,leaf_spot,Healthy
leaf_spot_031.jpg,validation,leaf_spot,Healthy
leaf_spot_020.jpg,validation,leaf_spot,Healthy
leaf_spot_077.jpg,validation,leaf_spot,Healthy
leaf_spot_105.jpg,validation,leaf_spot,Healthy
leaf_spot_094.jpg,validation,leaf_spot,Healthy
leaf_spot_087.jpg,validation,leaf_spot,Healthy
leaf_spot_067.jpg,validation,leaf_spot,Healthy
leaf_spot_149.jpg,validation,leaf_spot,Healthy
leaf_spot_083.jpg,validation,leaf_spot,Healthy
leaf_spot_097.jpg,validation,leaf_spot,Healthy
leaf_spot_125.jpg,validation,leaf_spot,Healthy
leaf_spot_171.jpg,validation,leaf_spot,Healthy
leaf_spot_039.jpg,validation,leaf_spot,Healthy
leaf_spot_187.jpg,validation,leaf_spot,Healthy
leaf_spot_126.jpg,validation,leaf_spot,Healthy
leaf_spot_174.jpg,validation,leaf_spot,Healthy
leaf_spot_165.jpg,validation,leaf_spot,Healthy
brown_spot_085.jpg,validation,brown_spot,Healthy
brown_spot_057.jpg,validation,brown_spot,Healthy
brown_spot_066.jpg,validation,brown_spot,Healthy
brown_spot_074.jpg,validation,brown_spot,Healthy
brown_spot_183.jpg,validation,brown_spot,Healthy
brown_spot_056.jpg,validation,brown_spot,Healthy
brown_spot_127.jpg,validation,brown_spot,Healthy
brown_spot_198.jpg,validation,brown_spot,Healthy
brown_spot_138.jpg,validation,brown_spot,Healthy
brown_spot_133.jpg,validation,brown_spot,Healthy
brown_spot_123.jpg,validation,brown_spot,Healthy
brown_spot_016.jpg,validation,brown_spot,Healthy
brown_spot_017.jpg,validation,brown_spot,Healthy
brown_spot_031.jpg,validation,brown_spot,Healthy
brown_spot_020.jpg,validation,brown_spot,Healthy
brown_spot_077.jpg,validation,brown_spot,Healthy
brown_spot_105.jpg,validation,brown_spot,Healthy
brown_spot_094.jpg,validation,brown_spot,Healthy
brown_spot_087.jpg,validation,brown_spot,Healthy
brown_spot_067.jpg,validation,brown_spot,Healthy
brown_spot_149.jpg,validation,brown_spot,Healthy
brown_spot_083.jpg,validation,brown_spot,Healthy
brown_spot_097.jpg,validation,brown_spot,Healthy
brown_spot_125.jpg,validation,brown_spot,Healthy
brown_spot_171.jpg,validation,brown_spot,Healthy
brown_spot_039.jpg,validation,brown_spot,Healthy
brown_spot_187.jpg,validation,brown_spot,Healthy
brown_spot_126.jpg,validation,brown_spot,Healthy
brown_spot_174.jpg,validation,brown_spot,Healthy
brown_spot_165.jpg,validation,brown_spot,Healthy
sooty_mold_085.jpg,validation,sooty_mold,Healthy
sooty_mold_057.jpg,validation,sooty_mold,Healthy
sooty_mold_066.jpg,validation,sooty_mold,Healthy
sooty_mold_074.jpg,validation,sooty_mold,Healthy
sooty_mold_183.jpg,validation,sooty_mold,Healthy
sooty_mold_056.jpg,validation,sooty_mold,Healthy
sooty_mold_127.jpg,validation,sooty_mold,Healthy
sooty_mold_198.jpg,validation,sooty_mold,Healthy
sooty_mold_138.jpg,validation,sooty_mold,Healthy
sooty_mold_133.jpg,validation,sooty_mold,Healthy
sooty_mold_123.jpg,validation,sooty_mold,Healthy
sooty_mold_016.jpg,validation,sooty_mold,Healthy
sooty_mold_017.jpg,validation,sooty_mold,Healthy
sooty_mold_031.jpg,validation,sooty_mold,Healthy
sooty_mold_020.jpg,validation,sooty_mold,Healthy
sooty_mold_077.jpg,validation,sooty_mold,Healthy
sooty_mold_105.jpg,validation,sooty_mold,Healthy
sooty_mold_094.jpg,validation,sooty_mold,Healthy
sooty_mold_087.jpg,validation,sooty_mold,Healthy
sooty_mold_067.jpg,validation,sooty_mold,Healthy
sooty_mold_149.jpg,validation,sooty_mold,Healthy
sooty_mold_083.jpg,validation,sooty_mold,Healthy
sooty_mold_097.jpg,validation,sooty_mold,Healthy
sooty_mold_125.jpg,validation,sooty_mold,Healthy
sooty_mold_171.jpg,validation,sooty_mold,Healthy
sooty_mold_039.jpg,validation,sooty_mold,Healthy
sooty_mold_187.jpg,validation,sooty_mold,Healthy
sooty_mold_126.jpg,validation,sooty_mold,Healthy
sooty_mold_174.jpg,validation,sooty_mold,Healthy
sooty_mold_165.jpg,validation,sooty_mold,Healthy
healthy_leaf_096.jpg,test,healthy,Healthy
healthy_leaf_116.jpg,test,healthy,Healthy
healthy_leaf_136.jpg,test,healthy,Healthy
healthy_leaf_196.jpg,test,healthy,Healthy
healthy_leaf_079.jpg,test,healthy,Healthy
healthy_leaf_118.jpg,test,healthy,Healthy
healthy_leaf_076.jpg,test,healthy,Healthy
healthy_leaf_144.jpg,test,healthy,Healthy
healthy_leaf_166.jpg,test,healthy,Healthy
healthy_leaf_099.jpg,test,healthy,Healthy
healthy_leaf_030.jpg,test,healthy,Healthy
healthy_leaf_115.jpg,test,healthy,Healthy
healthy_leaf_019.jpg,test,healthy,Healthy
healthy_leaf_159.jpg,test,healthy,Healthy
healthy_leaf_006.jpg,test,healthy,Healthy
healthy_leaf_153.jpg,test,healthy,Healthy
healthy_leaf_175.jpg,test,healthy,Healthy
healthy_leaf_070.jpg,test,healthy,Healthy
healthy_leaf_080.jpg,test,healthy,Healthy
healthy_leaf_129.jpg,test,healthy,Healthy
healthy_leaf_025.jpg,test,healthy,Healthy
healthy_leaf_069.jpg,test,healthy,Healthy
healthy_leaf_151.jpg,test,healthy,Healthy
healthy_leaf_173.jpg,test,healthy,Healthy
healthy_leaf_061.jpg,test,healthy,Healthy
healthy_leaf_141.jpg,test,healthy,Healthy
healthy_leaf_178.jpg,test,healthy,Healthy
healthy_leaf_068.jpg,test,healthy,Healthy
healthy_leaf_046.jpg,test,healthy,Healthy
healthy_leaf_010.jpg,test,healthy,Healthy
leaf_rust_096.jpg,test,leaf_rust,Healthy
leaf_rust_116.jpg,test,leaf_rust,Healthy
leaf_rust_136.jpg,test,leaf_rust,Healthy
leaf_rust_196.jpg,test,leaf_rust,Healthy
leaf_rust_079.jpg,test,leaf_rust,Healthy
leaf_rust_118.jpg,test,leaf_rust,Healthy
leaf_rust_076.jpg,test,leaf_rust,Healthy
leaf_rust_144.jpg,test,leaf_rust,Healthy
leaf_rust_166.jpg,test,leaf_rust,Healthy
leaf_rust_099.jpg,test,leaf_rust,Healthy
leaf_rust_030.jpg,test,leaf_rust,Healthy
leaf_rust_115.jpg,test,leaf_rust,Healthy
leaf_rust_019.jpg,test,leaf_rust,Healthy
leaf_rust_159.jpg,test,leaf_rust,Healthy
leaf_rust_006.jpg,test,leaf_rust,Healthy
leaf_rust_153.jpg,test,leaf_rust,Healthy
leaf_rust_175.jpg,test,leaf_rust,Healthy
leaf_rust_070.jpg,test,leaf_rust,Healthy
leaf_rust_080.jpg,test,leaf_rust,Healthy
leaf_rust_129.jpg,test,leaf_rust,Healthy
leaf_rust_025.jpg,test,leaf_rust,Healthy
leaf_rust_069.jpg,test,leaf_rust,Healthy
leaf_rust_151.jpg,test,leaf_rust,Healthy
leaf_rust_173.jpg,test,leaf_rust,Healthy
leaf_rust_061.jpg,test,leaf_rust,Healthy
leaf_rust_141.jpg,test,leaf_rust,Healthy
leaf_rust_178.jpg,test,leaf_rust,Healthy
leaf_rust_068.jpg,test,leaf_rust,Healthy
leaf_rust_046.jpg,test,leaf_rust,Healthy
leaf_rust_010.jpg,test,leaf_rust,Healthy
leaf_spot_096.jpg,test,leaf_spot,Healthy
leaf_spot_116.jpg,test,leaf_spot,Healthy
leaf_spot_136.jpg,test,leaf_spot,Healthy
leaf_spot_196.jpg,test,leaf_spot,Healthy
leaf_spot_079.jpg,test,leaf_spot,Healthy
leaf_spot_118.jpg,test,leaf_spot,Healthy
leaf_spot_076.jpg,test,leaf_spot,Healthy
leaf_spot_144.jpg,test,leaf_spot,Healthy
leaf_spot_166.jpg,test,leaf_spot,Healthy
leaf_spot_099.jpg,test,leaf_spot,Healthy
leaf_spot_030.jpg,test,leaf_spot,Healthy
leaf_spot_115.jpg,test,leaf_spot,Healthy
leaf_spot_019.jpg,test,leaf_spot,Healthy
leaf_spot_159.jpg,test,leaf_spot,Healthy
leaf_spot_006.jpg,test,leaf_spot,Healthy
leaf_spot_153.jpg,test,leaf_spot,Healthy
leaf_spot_175.jpg,test,leaf_spot,Healthy
leaf_spot_070.jpg,test,leaf_spot,Healthy
leaf_spot_080.jpg,test,leaf_spot,Healthy
leaf_spot_129.jpg,test,leaf_spot,Healthy
leaf_spot_025.jpg,test,leaf_spot,Healthy
leaf_spot_069.jpg,test,leaf_spot,Healthy
leaf_spot_151.jpg,test,leaf_spot,Healthy
leaf_spot_173.jpg,test,leaf_spot,Healthy
leaf_spot_061.jpg,test,leaf_spot,Healthy
leaf_spot_141.jpg,test,leaf_spot,Healthy
leaf_spot_178.jpg,test,leaf_spot,Healthy
leaf_spot_068.jpg,test,leaf_spot,Healthy
leaf_spot_046.jpg,test,leaf_spot,Healthy
leaf_spot_010.jpg,test,leaf_spot,Healthy
brown_spot_096.jpg,test,brown_spot,Healthy
brown_spot_116.jpg,test,brown_spot,Healthy
brown_spot_136.jpg,test,brown_spot,Healthy
brown_spot_196.jpg,test,brown_spot,Healthy
brown_spot_079.jpg,test,brown_spot,Healthy
brown_spot_118.jpg,test,brown_spot,Healthy
brown_spot_076.jpg,test,brown_spot,Healthy
brown_spot_144.jpg,test,brown_spot,Healthy
brown_spot_166.jpg,test,brown_spot,Healthy
brown_spot_099.jpg,test,brown_spot,Healthy
brown_spot_030.jpg,test,brown_spot,Healthy
brown_spot_115.jpg,test,brown_spot,Healthy
brown_spot_019.jpg,test,brown_spot,Healthy
brown_spot_159.jpg,test,brown_spot,Healthy
brown_spot_006.jpg,test,brown_spot,Healthy
brown_spot_153.jpg,test,brown_spot,Healthy
brown_spot_175.jpg,test,brown_spot,Healthy
brown_spot_070.jpg,test,brown_spot,Healthy
brown_spot_080.jpg,test,brown_spot,Healthy
brown_spot_129.jpg,test,brown_spot,Healthy
brown_spot_025.jpg,test,brown_spot,Healthy
brown_spot_069.jpg,test,brown_spot,Healthy
brown_spot_151.jpg,test,brown_spot,Healthy
brown_spot_173.jpg,test,brown_spot,Healthy
brown_spot_061.jpg,test,brown_spot,Healthy
brown_spot_141.jpg,test,brown_spot,Healthy
brown_spot_178.jpg,test,brown_spot,Healthy
brown_spot_068.jpg,test,brown_spot,Healthy
brown_spot_046.jpg,test,brown_spot,Healthy
brown_spot_010.jpg,test,brown_spot,Healthy
sooty_mold_096.jpg,test,sooty_mold,Healthy
sooty_mold_116.jpg,test,sooty_mold,Healthy
sooty_mold_136.jpg,test,sooty_mold,Healthy
sooty_mold_196.jpg,test,sooty_mold,Healthy
sooty_mold_079.jpg,test,sooty_mold,Healthy
sooty_mold_118.jpg,test,sooty_mold,Healthy
sooty_mold_076.jpg,test,sooty_mold,Healthy
sooty_mold_144.jpg,test,sooty_mold,Healthy
sooty_mold_166.jpg,test,sooty_mold,Healthy
sooty_mold_099.jpg,test,sooty_mold,Healthy
sooty_mold_030.jpg,test,sooty_mold,Healthy
sooty_mold_115.jpg,test,sooty_mold,Healthy
sooty_mold_019.jpg,test,sooty_mold,Healthy
sooty_mold_159.jpg,test,sooty_mold,Healthy
sooty_mold_006.jpeg,test,sooty_mold,Healthy
sooty_mold_153.jpg,test,sooty_mold,Healthy
sooty_mold_175.jpg,test,sooty_mold,Healthy
sooty_mold_070.jpg,test,sooty_mold,Healthy
sooty_mold_080.jpg,test,sooty_mold,Healthy
sooty_mold_129.jpg,test,sooty_mold,Healthy
sooty_mold_025.jpg,test,sooty_mold,Healthy
sooty_mold_069.jpg,test,sooty_mold,Healthy
sooty_mold_151.jpg,test,sooty_mold,Healthy
sooty_mold_173.jpg,test,sooty_mold,Healthy
sooty_mold_061.jpg,test,sooty_mold,Healthy
sooty_mold_141.jpg,test,sooty_mold,Healthy
sooty_mold_178.jpg,test,sooty_mold,Healthy
sooty_mold_068.jpg,test,sooty_mold,Healthy
sooty_mold_046.jpg,test,sooty_mold,Healthy
sooty_mold_010.jpeg,test,sooty_mold,Healthy
